Date,Open,High,Low,Close,Volume,Change
2020-09-01,40861,42075,40143,40549,2304816,-0.007684213102317483
2020-09-02,41536,49888,40996,44366,18313866,0.11385604177650577
2020-09-03,45308,45936,43601,45624,2996940,0.15588660028881973
2020-09-04,44095,45577,44051,45085,2137674,0.1344706977680481
2020-09-07,45127,53885,45127,49081,12393920,0.2591974960233978
2020-09-08,50022,50606,46924,46926,2806447,0.15726651705344152
2020-09-09,45847,49393,45354,47151,2694022,0.06277329486543759
2020-09-10,47373,47778,46743,47061,1122690,0.03149658074697537
2020-09-11,47106,47285,45937,46343,1115623,0.02790285017189742
2020-09-14,47104,48991,46341,48857,1754562,-0.004563884191438605
2020-09-15,49619,50291,48585,49441,1817214,0.053595021949452315
2020-09-16,49754,52987,49170,50474,3670945,0.0704757057114378
2020-09-17,51056,52987,50383,52540,2864941,0.11642336541934939
2020-09-18,52716,53166,50965,52135,2640487,0.1249811190471053
2020-09-21,53794,60079,53390,54021,8174624,0.10569621548601016
2020-09-22,53435,54917,49349,49621,3262863,0.003640703060213246
2020-09-23,50517,50696,46654,47285,3057545,-0.06318104370567024
2020-09-24,45847,46971,44455,44771,2597937,-0.14786829082603725
2020-09-25,45576,46069,44004,44141,1480263,-0.1533326939675842
2020-09-28,44589,46789,44500,46522,1366946,-0.13881638622017367
2020-09-29,47866,48541,45622,46567,1235306,-0.061546522641623524
2020-10-05,45578,46026,45083,45579,1145272,-0.036079094850375415
2020-10-06,47149,47284,44409,44995,1425422,0.005003238703625179
2020-10-07,44007,45308,44007,44771,1035297,0.014272445119050348
2020-10-08,44814,45083,43601,43917,1617691,-0.055995013112076
2020-10-12,44006,44319,43197,44007,792237,-0.05497455279489771
2020-10-13,44004,44363,42163,42614,1606435,-0.06505188793084538
2020-10-14,42344,43377,41492,42032,1210328,-0.06585176130681192
2020-10-15,42029,42253,39874,40459,1661579,-0.09631234504478348
2020-10-16,40235,41850,39606,41538,1419245,-0.054170366828335315
2020-10-19,41267,41312,40099,40100,753502,-0.0887813302429159
2020-10-20,40324,41538,40190,41538,961673,-0.025249917867367522
2020-10-21,42163,44902,41802,44455,2611628,0.05764655500570992
2020-10-22,44589,44814,42568,42570,1075934,0.052176277218912936
2020-10-23,42074,42253,41085,41132,911371,-0.00977418267610386
2020-10-26,40860,41445,40456,41042,663123,0.023491271820448967
2020-10-27,40548,41715,40548,41223,611596,-0.007583417593528763
2020-10-28,41535,41803,40950,41806,455396,-0.05958834776740529
2020-10-29,41085,43151,40906,42839,852687,0.006319003993422667
2020-10-30,42928,43871,41313,41313,986278,0.0044004667898474015
2020-11-02,41492,41715,41042,41313,522391,0.006602992056917278
2020-11-03,41444,42657,41444,41895,599433,0.016301579215486584
2020-11-04,42298,42837,41490,42480,806459,0.01612208773860213
2020-11-05,42477,43510,42208,43108,1210396,0.00627932491421368
2020-11-06,43195,43195,41713,41761,1301240,0.010844044247573459
2020-11-09,41804,43017,41759,42390,679346,0.02606927601481379
2020-11-10,42387,42431,41757,41895,723984,0.0
2020-11-11,41894,42523,41402,42166,714655,-0.007391713747645912
2020-11-12,41984,42523,41759,42121,717380,-0.02289598218428135
2020-11-13,41712,42028,41444,41850,553962,0.002131175019755238
2020-11-16,41849,42793,41759,42211,869553,-0.0042226940316112405
2020-11-17,42073,42163,41534,41671,676751,-0.005346700083542211
2020-11-18,41624,42342,41535,41806,601887,-0.00853768439026703
2020-11-19,41623,41937,40949,41850,1053950,-0.006433845350300338
2020-11-20,42567,44095,42029,43153,2017865,0.031135005973715657
2020-11-23,43017,44096,42434,43513,1208379,0.030845040392314838
2020-11-24,43511,43511,42478,42480,1070429,0.01941398094598168
2020-11-25,42658,42927,41401,41627,1168935,-0.004281682055207403
2020-11-26,41715,42524,41041,42032,954934,0.0043488649940262025
2020-11-27,40459,41941,40459,41493,1397458,-0.03846777744305152
2020-11-30,41534,41938,40905,40908,1359841,-0.05986716613425869
2020-12-01,41084,41489,40860,40953,694092,-0.03594632768361583
2020-12-02,41401,43645,41041,42839,2471978,0.02911571816369185
2020-12-03,42973,43422,42524,42885,1019871,0.020294061667301078
2020-12-04,43063,43242,42479,42795,904274,0.03137878678331285
2020-12-07,42703,47911,42478,47734,6203812,0.16686222743717605
2020-12-08,48495,49124,43646,43647,4390595,0.06578272654018025
2020-12-09,43870,44588,42883,44231,2227919,0.032493755689908754
2020-12-10,43870,44948,43421,44231,1340255,0.03138626559403046
2020-12-11,44004,44543,43915,44186,915808,0.032503797172566795
2020-12-14,44095,44095,42972,43019,1278910,-0.09877655340009217
2020-12-15,43197,43512,42120,42301,1042882,-0.030838316493687956
2020-12-16,42433,42658,42075,42121,824948,-0.04770409893513594
2020-12-17,41985,42838,41940,42032,822507,-0.049716262349935536
2020-12-18,42121,42300,41313,41448,1349796,-0.06196532838455615
2020-12-21,41401,44184,40548,41582,2456630,-0.033403844812757155
2020-12-22,42971,43331,40771,40818,1677916,-0.035058272854069594
2020-12-23,40860,41400,40187,40324,1558591,-0.04266280477671469
2020-12-24,41221,41311,39919,40010,1728648,-0.04810620479634564
2020-12-28,40099,40907,39111,39203,3847707,-0.05416425400501834
2020-12-29,40681,41400,40097,41042,2003280,-0.0129863883411091
2020-12-30,41672,41850,40818,41538,1173458,0.017639276789651603
2021-01-04,43509,43509,41847,41895,1361400,0.0389594286281123
2021-01-05,41535,47461,41130,47464,3025663,0.18630342414396406
2021-01-06,44453,45577,43332,43602,4037514,0.11221080019386265
2021-01-07,43377,43737,42075,43558,1929951,0.061303055406656703
2021-01-08,44005,45667,43197,43962,2711182,0.05835620395782182
2021-01-11,44230,44230,42165,42301,1682213,0.009690893901420194
2021-01-12,41894,42928,41849,42211,883413,-0.11067335243553011
2021-01-13,42612,42792,41984,41986,891342,-0.037062520067886795
2021-01-14,41984,43692,41581,42166,1680300,-0.031957390146471365
2021-01-15,41983,42343,41175,41177,1034616,-0.06335016605249988
2021-01-18,40681,41356,40367,40863,955031,-0.03399446821588137
2021-01-19,40456,41624,40412,40953,771333,-0.02980265807490934
2021-01-20,40860,42163,40726,41806,1016236,-0.004287143333492116
2021-01-21,42208,42388,41175,41177,739395,-0.02345491628326135
2021-01-22,41131,41131,40593,40729,720508,-0.010879860116084217
2021-01-25,40502,41312,40414,40684,654062,-0.004380490908646006
2021-01-26,40772,41714,40548,40639,1061253,-0.007667325959026194
2021-01-27,40771,40906,40457,40459,727966,-0.0322202554657226
2021-01-28,40053,40772,39829,40010,981888,-0.028341064186317655
2021-01-29,40368,42299,40009,40415,1942195,-0.007709494463404409
2021-02-01,41984,44274,41312,43334,5836825,0.06513617146789885
2021-02-02,43286,43736,42119,42570,1823985,0.04751593297079171
2021-02-03,42344,43960,41401,42839,3100883,0.05882498331644381
2021-02-04,42927,43017,41491,41582,983388,0.03929017745563601
2021-02-05,41803,42029,41040,41087,746021,0.01662748979339357
2021-02-08,40950,41669,40950,40953,528375,-0.05494530853371482
2021-02-09,40862,42075,40862,41223,755613,-0.03164200140944329
2021-02-10,41085,41445,40995,41177,480139,-0.038796423819416836
2021-02-15,41040,41400,40815,41042,637708,-0.0129863883411091
2021-02-16,41039,41174,28736,29861,60858642,-0.2732251076982988
2021-02-17,29232,31881,27481,28066,15740648,-0.31467780138207213
2021-02-18,28063,28961,26850,27211,8412158,-0.3399073332848167
2021-02-19,28019,31791,27390,30894,13068464,-0.24972678922699565
2021-02-22,32285,32958,30982,31388,4928323,-0.23522245504605044
2021-02-23,30354,30892,29142,29233,2550837,-0.02103077592846858
2021-02-24,29143,29951,28156,28156,2211555,0.003206727000641285
2021-02-25,28601,28736,27434,28334,1870292,0.041270074602183016
2021-02-26,33721,33856,29814,30804,7740072,-0.0029131870266071447
2021-03-02,31657,32644,31207,32287,2628142,0.02864151905186696
2021-03-03,32284,32868,31341,32106,1268216,0.09827934183970166
2021-03-04,32057,34528,31790,33678,2878787,0.19612160818298063
2021-03-05,33541,36505,33137,35923,3329519,0.26784075668807783
2021-03-08,36507,36865,32869,34083,2486568,0.10644721464744844
2021-03-09,33227,34888,32868,34217,1346620,0.05977638058661383
2021-03-10,35741,37942,34798,36821,3255325,0.14685728524263375
2021-03-11,36598,37137,35923,36374,1491475,0.08005225963537033
2021-03-12,36057,36820,34890,34936,2757206,-0.027475433566238938
2021-03-15,35741,38208,35114,35698,1464080,0.047384326497080576
2021-03-16,36325,36325,35248,36102,482332,0.05508957535727865
2021-03-17,36461,38928,35967,37897,1209240,0.029222454577550794
2021-03-18,38297,41571,38074,40721,1338630,0.11950844009457295
2021-03-19,39644,42379,39375,39645,967979,0.13478932905885044
2021-03-22,39779,40408,38658,38883,600014,0.08922068463219235
2021-03-23,38658,39285,37671,37672,613318,0.04348789540745668
2021-03-24,37940,38477,36998,37403,507909,-0.01303533261208012
2021-03-25,36906,37356,36325,36864,455722,-0.09471771321922351
2021-03-26,36818,37669,36683,36864,462938,-0.07014755959137342
2021-03-29,36861,36861,35875,36057,421560,-0.0726795771931178
2021-03-30,36504,37895,35293,35878,762425,-0.04762157570609471
2021-03-31,35786,35965,35159,35160,494935,-0.059968451728470984
2021-04-01,34219,35115,33276,34219,1584673,-0.07175021701388884
2021-04-02,34262,34621,33096,33187,1122940,-0.09974500868055558
2021-04-05,32782,33633,31929,32290,1162974,-0.10447347255733974
2021-04-06,32335,32828,31482,31708,781180,-0.11622721444896589
2021-04-07,31571,32469,31213,31752,696428,-0.09692832764505122
2021-04-08,31705,33005,31571,32200,837229,-0.05900230865893219
2021-04-09,32242,32736,31705,32065,582912,-0.033808418959231035
2021-04-12,32019,32064,31392,31528,639673,-0.023598637349024454
2021-04-13,31390,32467,31032,32065,841902,0.011258988267945025
2021-04-14,32109,32334,31750,31886,463911,0.00422020660115896
2021-04-15,31839,33229,31480,31931,1001634,-0.008354037267080727
2021-04-16,31930,32020,31437,31573,645591,-0.015343832839544658
2021-04-19,31573,32065,31034,31708,854417,0.005709210860187719
2021-04-20,31662,32424,31347,31483,813259,-0.018150631529705308
2021-04-21,31257,31436,30854,30855,745032,-0.032333939660038835
2021-04-22,30988,31527,30450,30855,848970,-0.033697660580626954
2021-04-23,30628,31167,30538,30720,638242,-0.02701675482215815
2021-04-26,30585,32828,30317,32425,1862932,0.022612589882679446
2021-04-27,32468,32513,31033,31124,897490,-0.01140297938570023
2021-04-28,30989,31169,30138,30138,938448,-0.023237724842002927
2021-04-29,30001,30627,29731,29778,750168,-0.03490520175012157
2021-04-30,29775,30224,29327,29688,694699,-0.03359374999999998
2021-05-03,29597,29597,28296,28433,1085826,-0.12311488049344643
2021-05-04,28295,31121,28206,29778,1525531,-0.04324636936126458
2021-05-06,29373,29777,28611,29330,743494,-0.026810007299754468
2021-05-07,29327,30225,29194,29778,621751,0.0
2021-05-10,29776,31076,29372,30540,834647,0.028698464025868953
2021-05-11,30494,31122,29463,29509,766308,0.0378433510357683
2021-05-12,29508,29553,28701,28792,604669,-0.03311169319631946
2021-05-13,28343,28925,28207,28344,555751,-0.033617456529151046
2021-05-14,29015,29015,28343,28657,446003,-0.03764524145342196
2021-05-17,28476,29777,28342,28747,743763,-0.0587098886705959
2021-05-18,28657,29329,28522,29196,455314,-0.010606933477921965
2021-05-20,28747,29061,28433,28613,499590,-0.0062170047235343695
2021-05-21,29059,30853,28745,28926,1058049,0.020533446232006813
2021-05-24,29059,30315,28656,29464,749138,0.028160658826813734
2021-05-25,29284,30272,29240,30048,560433,0.04525689637179542
2021-05-26,30449,30449,29418,29419,501612,0.007638032607206524
2021-05-27,29196,29553,28836,29196,582463,0.02037535386013345
2021-05-28,29239,30899,28969,30227,1017057,0.044976837447279205
2021-05-31,30584,31572,30539,30855,814051,0.047210154765137124
2021-06-01,31211,33409,30853,32155,2320854,0.07012113951011711
2021-06-02,32019,32064,30271,30362,1496913,0.03205411468778685
2021-06-03,30316,30628,29957,30317,664577,0.03839567063981364
2021-06-04,30272,30854,29778,30048,670820,-0.005921857941575404
2021-06-07,30046,30270,29597,29599,600906,-0.04070653054610274
2021-06-08,29238,30135,29058,29599,680976,-0.07948997045560569
2021-06-09,29642,31212,29418,29509,1113566,-0.028094328436861882
2021-06-10,29285,30317,29151,29914,1057837,-0.013292871986014476
2021-06-11,30182,30227,29643,30003,612747,-0.0014976038338657682
2021-06-14,30003,30674,29643,30093,686364,0.016689753032196997
2021-06-15,30002,30092,29463,29868,577419,0.009088144869759063
2021-06-16,29819,29865,29506,29688,473168,0.006065945982581589
2021-06-17,29956,30807,29641,30495,1488009,0.019422344052951734
2021-06-18,30720,33321,30317,32470,4231313,0.08222511082225115
2021-06-21,32154,33051,31257,31438,1102603,0.044694779516831096
2021-06-22,31527,31572,30047,30227,1412432,0.01201955269854027
2021-06-23,30407,30451,29778,29914,865500,0.007612503368364276
2021-06-24,29730,30135,29551,29688,619371,-0.02646335464830296
2021-06-25,29641,29956,29551,29778,595472,-0.08290729904527261
2021-06-28,30045,30493,29686,29778,592158,-0.05280234111584703
2021-06-29,29776,29866,29418,29464,655122,-0.02524233301353096
2021-06-30,29419,31437,29419,29958,1622315,0.0014708831985024151
2021-07-01,30046,30091,29597,29644,539946,-0.0014820803018054107
2021-07-02,29686,29956,29462,29644,588383,-0.004499966418161083
2021-07-05,29822,30673,29597,30317,942871,0.018100611189468818
2021-07-06,30628,31122,30271,30810,841824,0.04568286722780335
2021-07-07,30853,31706,30226,31034,1070712,0.03591695039722276
2021-07-08,31033,32648,30046,31169,1979355,0.05144379975711777
2021-07-09,30719,30988,30047,30362,966715,0.024220752934826617
2021-07-12,30360,30853,30181,30317,422095,0.0
2021-07-13,30317,32649,30092,31618,3105290,0.026225251541707184
2021-07-14,31617,32469,30899,31573,1254658,0.017368047947412535
2021-07-15,32019,38567,31436,33321,22657226,0.06904295935063676
2021-07-16,33319,33543,31838,32065,3767566,0.05608984915354709
2021-07-19,31750,31795,30719,31079,1600488,0.025134413035590608
2021-07-20,30449,30763,30270,30585,1174996,-0.03267126320450375
2021-07-21,30583,31167,30360,30989,887639,-0.0184968169005163
2021-07-22,30988,31033,30406,30407,842395,-0.08745235737222767
2021-07-23,30361,31257,30270,30945,1026120,-0.034929050366443115
2021-07-26,30898,31840,30584,31124,971727,0.0014479230348467542
2021-07-27,30987,31211,30360,30630,807031,0.0014713094654241754
2021-07-28,30719,32558,30450,31886,2269237,0.02894575494530316
2021-07-29,32018,32288,31346,32110,784985,0.056006840530141044
2021-07-30,32108,33365,31884,32335,1911890,0.04491840361932464
2021-08-02,32558,33544,32334,32963,1162705,0.05908623570235183
2021-08-03,33052,33456,31886,32470,947230,0.060071825008161994
2021-08-04,31750,32872,31392,32739,878934,0.026751552405444468
2021-08-05,32827,33320,32647,32828,722782,0.022360635316100996
2021-08-06,32469,32873,32244,32425,611023,0.002783361682387575
2021-08-09,32109,33813,31617,32694,2136162,-0.00816066498801682
2021-08-10,32691,32916,31884,31976,915580,-0.015214043732676319
2021-08-11,32065,32335,31482,31573,728232,-0.03561501573047432
2021-08-12,31571,33588,31571,32200,1806430,-0.019130010966248334
2021-08-13,31929,33633,31839,33501,2623241,0.03318427139552815
2021-08-17,34263,34397,32469,32649,1918669,-0.0013763993393283158
2021-08-18,33276,38927,32602,37672,16719199,0.17813360020015012
2021-08-19,38568,39464,35876,37044,4921110,0.1732809679156242
2021-08-20,37043,38253,36236,37313,3405254,0.1587888198757763
2021-08-23,38163,39061,37267,37313,2592302,0.1137876481299065
2021-08-24,37312,43546,37133,43323,15191251,0.3269319121565746
2021-08-25,44665,46011,42244,44533,7621556,0.18212465491611818
2021-08-26,43860,48166,43770,47539,6484028,0.28331173739337
2021-08-27,47089,51125,46282,48167,5819594,0.29089057433066223
2021-08-30,48614,61351,48167,52742,23450103,0.4135019966231608
2021-08-31,51574,51932,44577,49781,14410315,0.14906631581377106
2021-09-01,48255,55610,47986,54266,11125562,0.21855702512743358
2021-09-02,55880,58839,54713,57765,7889295,0.21510759586865524
2021-09-03,58391,59288,55162,58033,4147564,0.2048290323250359
2021-09-06,58570,60364,56596,58571,3182874,0.11051913086344856
2021-09-07,57764,61980,57315,60725,4150195,0.21984291195436012
2021-09-08,60365,61351,56597,57765,3408426,0.06447867909925176
2021-09-09,55251,59017,54981,59020,2506998,0.021725958625465225
2021-09-10,59288,59736,57494,58213,1622927,0.0031016835248909302
2021-09-13,57494,59557,57494,58571,1587549,0.0
2021-09-14,59197,59556,53546,54804,2281425,-0.09750514615067929
2021-09-15,55162,57852,55162,56508,1512896,-0.021760581667099488
2021-09-16,58302,60454,56597,60097,2835093,0.018248051507963492
2021-09-17,60274,60363,57492,59020,1776463,0.013862882861216619
2021-09-23,57852,58928,55520,56239,1589525,-0.03981492547506449
2021-09-24,56328,56687,52112,54087,2289729,-0.013082986643310757
2021-09-27,52381,54623,50139,53818,1729931,-0.04760387909676511
2021-09-28,53726,54264,51305,51575,1229130,-0.1418040833985057
2021-09-29,49869,54085,49600,52562,1379502,-0.1094205354117248
2021-09-30,52651,52920,50499,50679,942073,-0.09886377780543754
2021-10-01,50138,51663,49242,49781,991041,-0.07961247619575873
2021-10-05,49509,51393,46551,47090,1661039,-0.12501393585789145
2021-10-06,47176,47715,43948,44802,2418567,-0.13132331555986432
2021-10-07,45026,46461,44129,45296,1355758,-0.13823674898215443
2021-10-08,45834,47628,45116,46642,1076590,-0.07965824108605146
2021-10-12,46192,46462,42605,43413,1412692,-0.12792029087402823
2021-10-13,42155,44085,40990,41081,1739623,-0.12760671055425776
2021-10-14,42336,45924,42156,45207,1611228,0.00903977501004416
2021-10-15,46550,46640,43993,44623,1005583,-0.014857824090427463
2021-10-18,44622,45923,43591,44086,656488,-0.054800394494232685
2021-10-19,44666,46641,44354,45655,1026949,0.05164351691889535
2021-10-20,45564,45653,42021,43054,1247765,0.04802706847447724
2021-10-21,42199,43500,41079,43188,135058,-0.0446612250315217
2021-10-22,43230,44800,41886,42291,1128972,-0.05226004526813521
2021-10-25,41438,42560,41304,41574,647802,-0.05697953999001948
2021-10-26,41574,41754,39824,40543,1438902,-0.11197021136786767
2021-10-27,40631,40720,38299,38883,1855108,-0.09687833883030617
2021-10-28,38386,39418,37984,38299,1160747,-0.11320274150226917
2021-10-29,38432,39285,37222,37761,1146181,-0.1071149890047528
2021-11-01,37850,39912,37715,39107,1016288,-0.05933997209794584
2021-11-02,39106,39510,38298,39287,589883,-0.030979453913129285
2021-11-03,39196,39241,37986,38076,653976,-0.020754571406527256
2021-11-04,38119,38792,37491,38120,557321,-0.0046737512728791675
2021-11-05,39016,40451,37715,39152,1253355,0.03683694817404204
2021-11-08,39643,40047,35383,36775,1993900,-0.059631268059426756
2021-11-09,36504,37490,36100,36191,649367,-0.07880469366457099
2021-11-10,35741,36684,35429,35698,709257,-0.06245403928984139
2021-11-11,35563,35921,34396,34802,902172,-0.08704092339979008
2021-11-12,34172,35427,34083,34891,711435,-0.10883224356354715
2021-11-15,35339,36326,34846,35520,756920,-0.03412644459551328
2021-11-16,35651,37311,35338,36909,1062551,0.01983918653808958
2021-11-17,36998,37446,35429,35788,873869,0.0025211496442376635
2021-11-18,35160,35967,34667,34936,727265,0.003850353427963915
2021-11-19,35024,37580,34530,37448,1315343,0.07328537445186445
2021-11-22,36997,37535,35876,35878,750212,0.010078828828828934
2021-11-23,35474,35966,34935,35564,712741,-0.036440976455607066
2021-11-24,35473,36055,34485,34622,750041,-0.03258075332513688
2021-11-25,34575,35293,33544,34667,802794,-0.007699793908861885
2021-11-26,34621,34666,33365,33456,783729,-0.10660115359965816
2021-11-29,32334,34128,32334,33411,734094,-0.06876080049055133
2021-11-30,33678,33723,32289,32290,893565,-0.09205938589584972
2021-12-01,32290,33231,32109,32559,627585,-0.059586390156547875
2021-12-02,32109,33185,32109,32873,617651,-0.05174950240863063
2021-12-03,32873,34307,32423,33905,767860,0.01342061214729795
2021-12-06,33859,34666,32424,32694,772730,-0.021459998204184205
2021-12-07,32693,33231,32379,32739,401494,0.013905233818519713
2021-12-08,32917,33411,32604,32649,502406,0.0027642126600939676
2021-12-09,32690,33812,32467,33635,791753,0.023180117421592206
2021-12-10,33589,33589,32827,32828,428852,-0.03176522636779233
2021-12-13,32918,32962,31618,31618,946238,-0.032911237535939275
2021-12-14,31437,31930,31347,31483,487810,-0.03836403066678884
2021-12-15,31391,31929,31212,31303,400272,-0.04122637753070535
2021-12-16,31481,31794,30898,30989,601049,-0.07866805411030175
2021-12-17,30987,31391,30315,30630,631947,-0.06695503838186911
2021-12-20,32423,32916,30628,31303,2362882,-0.00996267948636853
2021-12-21,31481,31974,30718,31393,961885,-0.0028586856398691296
2021-12-22,31391,31930,30629,30945,707763,-0.0114366035204293
2021-12-23,30406,30900,29913,30138,1015370,-0.027461357255800456
2021-12-24,30227,30585,29958,30093,619572,-0.017531831537708098
2021-12-27,30315,30360,29283,29419,1157809,-0.06018592467175665
2021-12-28,29508,30181,28566,29285,2112981,-0.0671487274233109
2021-12-29,29418,31884,29373,30989,2367574,0.0014218775246404025
2021-12-30,31707,31885,30092,31214,1101785,0.035702435463534465
2022-01-03,31258,33052,31258,32559,1120733,0.08194596750074767
2022-01-04,32736,32871,31973,32200,617775,0.09453074543662265
2022-01-05,32198,32691,31661,31976,558935,0.09189004609868534
2022-01-06,31391,32154,30674,30945,592056,-0.0014198586595243201
2022-01-07,31302,31885,30764,31393,431755,0.005734606266418973
2022-01-10,31302,33320,30583,31841,854790,-0.02205227433274981
2022-01-11,31572,32379,31392,31483,685866,-0.02226708074534156
2022-01-12,31123,32514,31123,32380,583186,0.01263447585689259
2022-01-13,32467,32735,31211,31931,730826,0.03186298271126198
2022-01-14,31481,31481,30853,31079,543015,-0.01000222979645149
2022-01-17,31033,31123,30271,30855,476696,-0.030966364121729817
2022-01-18,30495,31572,30003,30272,527719,-0.03846520344312798
2022-01-19,29597,30226,29373,29464,465910,-0.09005558987029028
2022-01-20,29597,30852,29328,30675,531722,-0.03933481569634523
2022-01-21,30047,30898,29866,30317,417162,-0.024518163390070513
2022-01-24,29957,30316,29104,29330,527289,-0.04942472856911362
2022-01-25,29328,29687,27849,27939,823456,-0.0770679175475687
2022-01-26,27400,28701,27400,27939,515390,-0.051758077654086354
2022-01-27,28071,28161,26637,26683,791835,-0.13013854930725344
2022-01-28,26681,28566,26681,28433,710301,-0.062143351914767275
2022-02-03,28835,30494,28791,29061,594823,-0.009171496760995601
2022-02-04,28790,29731,28700,29599,419616,0.05941515444360923
2022-02-07,29553,29553,28477,28523,491330,0.020902680840402255
2022-02-08,28475,28879,27713,28208,515460,0.057152494097365336
2022-02-09,28298,28836,28027,28568,331421,0.004748004079766499
2022-02-10,28567,29239,28163,28702,521435,-0.01235332576305015
2022-02-11,28433,28567,27626,27671,425482,-0.06513733572080138
2022-02-14,26951,27265,26234,26639,601531,-0.06605195806892683
2022-02-15,26637,26906,25471,25562,683351,-0.09380317640385705
2022-02-16,26280,27715,26190,27671,521808,-0.03139876785214224
2022-02-17,27624,28206,26009,27267,563439,-0.04999651592223542
2022-02-18,26549,28028,26459,27850,503256,0.006468866322142386
2022-02-21,27265,27714,26726,27446,328745,0.030293929952325493
2022-02-22,26681,27041,26234,26639,499449,0.042132853454346364
2022-02-23,26726,27265,26503,26818,333245,-0.030826497054678215
2022-02-24,26188,26547,25605,25876,653159,-0.05101404628305273
2022-02-25,26549,28252,26549,27671,883094,-0.006427289048474005
2022-02-28,27626,27938,27356,27895,697612,0.016359396633389256
2022-03-02,27534,28207,27310,27446,360520,0.030293929952325493
2022-03-03,27489,28072,27399,28074,366551,0.04683421582519198
2022-03-04,27894,28028,27310,27536,357691,0.06415211006337929
2022-03-07,27086,27131,26414,26415,466459,-0.04539048100899856
2022-03-08,25875,26907,25651,26325,577064,-0.0562824879010575
2022-03-10,27086,28027,26951,27446,725872,0.0
2022-03-11,27445,27445,26772,26998,336086,-0.03832727790838497
2022-03-14,27085,27219,25919,25921,535079,-0.05865049389889598
2022-03-15,26054,29103,25874,28029,1827828,0.06110164679159569
2022-03-16,27849,29059,27670,29016,815349,0.10222222222222221
2022-03-17,29417,30987,29014,30540,1143511,0.11273045252495817
2022-03-18,30180,30180,29014,29599,733874,0.09634046966441967
2022-03-21,29777,30673,29328,29509,517196,0.13842058562555448
2022-03-22,29373,29418,28566,29016,460069,0.03521352884512474
2022-03-23,28926,29419,28344,28613,433758,-0.01388888888888884
2022-03-24,28341,28430,27803,28118,423607,-0.07930582842174194
2022-03-25,28117,28387,27355,27401,448564,-0.07425926551572692
2022-03-28,27445,27445,26682,26774,471689,-0.09268358805788068
2022-03-29,26997,27625,26682,26998,454562,-0.06954783567686795
2022-03-30,27176,27221,26817,26998,261094,-0.056442875615978716
2022-03-31,27041,27804,27041,27491,408893,-0.022298883277615755
2022-04-01,27489,27937,27086,27536,343924,0.004926827488047847
2022-04-04,27266,27805,26907,27626,418724,0.03182191678494051
2022-04-05,27671,28163,27445,27671,313498,0.024927772427587147
2022-04-06,27533,27533,26726,26818,566396,-0.00666716053040961
2022-04-07,26458,26906,26234,26863,416933,-0.022843839802117016
2022-04-08,26951,27175,26547,26728,311347,-0.029343404997094757
2022-04-11,26683,27356,26236,26236,611544,-0.05031492072685151
2022-04-12,26099,26369,25920,26056,333384,-0.05836435257128403
2022-04-13,26234,27490,26055,27491,517304,0.0250950853904095
2022-04-14,27489,28205,27265,27401,416230,0.020027547183858907
2022-04-15,27086,27714,26681,27356,355540,0.02349595929362458
2022-04-18,27040,27580,26996,27356,260980,0.042689434364994616
2022-04-19,27399,28386,27399,28029,500655,0.07572152287381018
2022-04-20,27894,28117,27535,27536,271287,0.001636899348877785
2022-04-21,27579,27937,27220,27222,335990,-0.00653260829896718
2022-04-22,26952,27042,26235,26325,610504,-0.037688258517327045
2022-04-25,25607,27805,25607,26191,959581,-0.04258663547302233
2022-04-26,26817,27355,26369,26998,456890,-0.03678333154946667
2022-04-27,26189,27175,26143,26549,401620,-0.03584398605461936
2022-04-28,26996,26996,26548,26594,377992,-0.02306957607817206
2022-04-29,26594,27895,26459,27895,588046,0.05963912630579293
2022-05-02,27399,27803,27130,27222,360419,0.03936466725210952
2022-05-03,27264,27444,26816,26908,297304,-0.003333580265204805
2022-05-04,26907,26952,26459,26460,348103,-0.0033522919883988145
2022-05-06,26458,26996,26100,26863,423602,0.010115063548168823
2022-05-09,26952,27534,26414,26460,564887,-0.05144291091593478
2022-05-10,26009,26547,25874,25921,597192,-0.047792226875321475
2022-05-11,25920,27895,25562,27806,993459,0.03337297458005062
2022-05-12,27445,33096,27400,30317,5407774,0.14576719576719577
2022-05-13,34980,39375,31346,38120,10415574,0.4190522279715594
2022-05-16,40362,43231,38433,39735,5825328,0.5017006802721089
2022-05-17,39196,41617,38927,40991,2401396,0.5813818911307433
2022-05-18,42245,47716,41303,46911,9075002,0.6870819247644393
2022-05-19,44488,47359,42335,44400,4982169,0.4645248540422866
2022-05-20,45654,45654,43860,45655,1796621,0.1976652675760755
2022-05-23,45923,46371,41348,43144,1969660,0.08579338115011947
2022-05-24,42515,44487,41438,41574,1573227,0.014222634236783716
2022-05-25,42379,44399,41573,43637,1731272,-0.06979173328217259
2022-05-26,43726,44131,42919,44131,858680,-0.006058558558558524
2022-05-27,46192,46281,41617,42112,1744345,-0.07760376738582853
2022-05-30,41662,42469,38882,39466,2207100,-0.08524939736695714
2022-05-31,40091,40809,39329,40811,1514124,-0.018352816664261362
2022-06-02,40274,41529,39600,40319,925515,-0.07603639113596261
2022-06-03,40408,40497,38658,38883,1108861,-0.11891867394801836
2022-06-07,39062,39107,36237,36417,1911996,-0.13523461246200608
2022-06-08,36056,36908,33814,34129,2599137,-0.13523032483656816
2022-06-09,34486,37851,32872,35430,5805899,-0.1318517066477175
2022-06-10,34619,34665,32826,33546,1883405,-0.16798531709615816
2022-06-13,32334,34262,32289,32694,1303701,-0.1591698171437389
2022-06-14,32334,33410,31750,32739,1146910,-0.10099678721476235
2022-06-15,32827,33276,31123,31483,965073,-0.0775293738462891
2022-06-16,32018,32242,30404,30675,872167,-0.1342082980524979
2022-06-17,29912,30809,29687,30317,876098,-0.09625588743814462
2022-06-20,30315,30405,29194,29644,659410,-0.09328928855447483
2022-06-21,29822,30406,29151,29958,623406,-0.08494456153211771
2022-06-22,29732,30181,28970,29285,681878,-0.06981545596035954
2022-06-23,28970,30226,28387,28523,901673,-0.07015484922575388
2022-06-24,28881,30317,28657,30138,743077,-0.005904278127783047
2022-06-27,30180,31390,29552,30585,779277,0.03174335447308052
2022-06-28,30315,30853,30046,30765,436504,0.026937712797917124
2022-06-29,30046,31883,30046,30585,565684,0.04439132661772249
2022-06-30,30584,32783,30451,31752,1019138,0.11320688567121273
2022-07-01,31884,32513,30943,31348,539647,0.04014864954542441
2022-07-04,31436,32826,31346,32290,819561,0.05574628085662914
2022-07-05,32827,32962,31930,32963,570524,0.07144482366325366
2022-07-06,32960,33408,32063,32065,631666,0.04838973352950804
2022-07-07,31929,32423,31301,32200,375436,0.014109347442680775
2022-07-08,32467,36280,32467,36147,2692502,0.15308791629450047
2022-07-11,36282,37896,36101,36327,1606909,0.1250232270052647
2022-07-12,36055,37625,35383,37537,1290908,0.13876164184085193
2022-07-13,37267,40899,37177,39645,1831379,0.23639482301574932
2022-07-14,39509,40496,37401,38165,1737768,0.1852484472049689
2022-07-15,37894,38836,36951,38389,911907,0.062024511024427964
2022-07-18,38344,38973,34936,36417,1908108,0.0024774960772979693
2022-07-19,35967,36730,35475,36372,514538,-0.031036044436156374
2022-07-20,37223,38882,36371,37807,1478846,-0.04636145793921054
2022-07-21,37669,37669,36100,36864,755923,-0.03408882483951259
2022-07-22,36863,37626,36371,36506,436485,-0.04905050926046528
2022-07-25,35877,36595,35698,36282,385066,-0.003707059889611952
2022-07-26,36327,36953,36191,36327,309260,-0.0012372154404487468
2022-07-27,36235,37132,36145,36730,327608,-0.028486788160922538
2022-07-28,36863,37581,36281,36461,436528,-0.01093207465277779
2022-07-29,36819,38702,36505,37627,778545,0.03070728099490494
2022-08-01,37760,38568,37043,37179,428522,0.024723003142054
2022-08-02,37176,38567,36504,38389,601463,0.056762187904313643
2022-08-03,38612,40002,37985,39600,1168473,0.07813776204737266
2022-08-04,40138,43412,40093,41799,2875112,0.14640300595156464
2022-08-05,41798,43277,41394,42695,1205913,0.13469051478991156
2022-08-08,42740,43098,41260,42561,888197,0.14475913822319053
2022-08-09,42334,45294,42199,44668,1878750,0.1635624788350829
2022-08-10,44713,45207,41844,41889,1568052,0.057803030303030356
2022-08-11,42468,43097,41168,41932,1274968,0.003181894303691424
2022-08-12,41661,42737,40361,40676,1243620,-0.04728890970839672
2022-08-16,40182,41572,38432,39376,2255572,-0.07483376800357133
2022-08-17,39196,39554,38298,39197,911243,-0.1224814184651204
2022-08-18,38792,41214,38703,41036,990229,-0.02036334121129657
2022-08-19,41079,42515,40675,41574,1089929,-0.00853763235714966
2022-08-22,41617,42515,40990,40991,710719,0.007744124299341237
2022-08-23,40541,40809,38972,38973,892520,-0.010234660707029608
2022-08-24,39150,40674,38970,40676,624658,0.03773247952649439
2022-08-25,40809,42065,40452,42022,579504,0.02402768301003988
2022-08-26,42200,43636,41843,42112,1050973,0.01294078029537693
2022-08-29,40674,42244,40451,40856,617642,-0.0032934058695811563
2022-08-30,41482,41797,40406,41663,487178,0.06902214353526803
2022-08-31,41484,44355,41350,44221,1404485,0.08715212901956937
2022-09-01,44086,45207,43457,44221,1086871,0.05232973204511926
2022-09-02,44802,45027,43502,44221,727469,0.05008073708206684
2022-09-05,44487,45743,40003,42067,2121360,0.029640689250048924
2022-09-06,42468,43411,41348,41663,774949,0.0
2022-09-07,41887,42828,40047,41708,984964,-0.0568282037945772
2022-09-08,45296,47269,42246,46463,5109213,0.05069989371565553
2022-09-13,49332,51574,44937,45476,4277440,0.02838018136179654
2022-09-14,44265,45027,40408,40453,3119784,-0.038367366344165266
2022-09-15,40452,40809,36907,38165,2744758,-0.08395938842618156
2022-09-16,38568,39599,37626,37672,1294401,-0.09676800613791114
2022-09-19,37670,38253,36862,37313,631982,-0.19693089124679852
2022-09-20,37895,39106,37581,38614,721469,-0.1508927786084968
2022-09-21,38612,39329,37670,37761,664684,-0.06654636244530687
2022-09-22,37400,38341,36773,38299,715737,0.003511070352417045
2022-09-23,38703,40228,38614,38883,1203181,0.03214589084731356
2022-09-26,37670,38387,36639,36909,812728,-0.010827325596976967
2022-09-27,37625,37670,36594,37044,500311,-0.04065882840420576
2022-09-28,37222,37851,35608,36641,796660,-0.02966023145573471
2022-09-29,37311,38477,37132,37492,675920,-0.021071046241416203
2022-09-30,36862,38791,36818,38434,544719,-0.011547462901525085
2022-10-04,38883,40229,38883,40229,583687,0.0899509604703459
2022-10-05,40900,41080,38703,38883,634463,0.04964366699060574
2022-10-06,38881,40001,38567,39914,356443,0.08932616467891163
2022-10-07,39419,40002,39240,39376,453547,0.050250720153632855
2022-10-11,38836,38836,36728,37223,861475,-0.031508560129052454
2022-10-12,37446,38343,36684,36820,796080,-0.08473986427701408
2022-10-13,36452,37002,35262,36179,762972,-0.06954195921096629
2022-10-14,37001,37689,36452,36957,565298,-0.07408428120458987
2022-10-17,36315,36727,35034,35675,794359,-0.0939912637139374
2022-10-18,36179,37737,35858,37737,606763,0.013808666684576698
2022-10-19,37689,38055,35994,36087,559355,-0.019907658881042956
2022-10-20,35813,35904,34622,34989,649923,-0.032892009176594184
2022-10-21,34529,34759,33567,33752,688586,-0.08672240712179013
2022-10-24,34301,36179,34255,35859,685440,0.005157673440784771
2022-10-25,35994,36498,35307,36087,455626,-0.043723666428173935
2022-10-26,36087,36270,35538,35767,290929,-0.008867459195832317
2022-10-27,35766,36636,35766,36637,318058,0.04710051730543885
2022-10-28,36315,37689,36269,36591,386565,0.0841135340127992
2022-10-31,37048,37277,35812,37095,446741,0.034468334309378346
2022-11-01,36820,37323,35172,35401,726143,-0.019009615651065515
2022-11-02,35263,35492,34392,35355,471719,-0.011518997959012456
2022-11-03,34621,34942,34437,34530,385058,-0.05751016731719305
2022-11-04,34621,35079,33934,34393,441219,-0.06006941597660631
2022-11-07,34528,34987,33841,34209,473885,-0.07780024262029928
2022-11-08,34254,34987,34025,34301,568641,-0.031072568571509307
2022-11-09,34071,34805,33705,33981,624523,-0.038862961391599504
2022-11-10,33660,33660,32882,32882,601429,-0.0477266145380828
2022-11-11,33935,35721,33889,35447,1046821,0.030645770941761352
2022-11-14,35446,36224,34529,35767,706819,0.04554357040544876
2022-11-15,34805,35583,34392,35538,683806,0.036063088539692645
2022-11-16,35536,35536,33933,34484,693083,0.014802389570642394
2022-11-17,34391,34759,33522,33523,530494,0.019493948056687582
2022-11-18,33705,34254,33018,33156,454715,-0.06463170367026827
2022-11-21,33156,33293,32423,32424,488768,-0.09346604411888049
2022-11-22,32286,33293,32148,33156,410881,-0.06702684450447405
2022-11-23,33429,33796,32926,33797,326302,-0.01992228279781927
2022-11-24,33613,34208,33109,33889,348094,0.010917877278286525
2022-11-25,33889,33889,32240,32424,671172,-0.022077452044878765
2022-11-28,31828,31828,30316,30409,977422,-0.06214532445102394
2022-11-29,29951,30637,28943,29768,1507646,-0.10218361684159727
2022-11-30,29813,30270,29309,29813,1032651,-0.11788028523241711
2022-12-01,30270,31277,30270,30409,825275,-0.10268818790758061
2022-12-02,30407,30453,29034,29172,762044,-0.10029607698001486
2022-12-05,29310,29996,28989,29539,623810,-0.028609951001348333
2022-12-06,29263,29858,28988,29172,371432,-0.020021499596882597
2022-12-07,29172,29629,28943,29172,386572,-0.021500687619494863
2022-12-08,29310,29584,28529,29127,787768,-0.04215857147555002
2022-12-09,29126,30317,29126,29951,625255,0.026703688468394438
2022-12-12,29722,30408,29676,29951,379549,0.013947662412403972
2022-12-13,29995,30544,29766,30317,424759,0.03924996572055406
2022-12-14,30499,30682,29996,30042,413961,0.02982311805841209
2022-12-15,29859,31232,29492,29905,529910,0.02671061214680548
2022-12-16,29446,30179,29355,29813,381656,-0.004607525625187847
2022-12-19,29859,30042,29127,29127,355229,-0.027511602283730063
2022-12-20,29126,29263,28301,28714,489458,-0.05287462479796812
2022-12-21,28665,28758,27888,28347,511933,-0.056421010585180786
2022-12-22,28622,29630,28485,29539,599759,-0.012238756060859335
2022-12-23,28345,28665,27705,28027,1136824,-0.059906752088015325
2022-12-26,27979,28208,27429,27706,997050,-0.04878634943523197
2022-12-27,27889,28943,27889,28852,1381096,0.00480601797032798
2022-12-28,29567,29567,27993,28137,1543739,-0.007408191342999304
2022-12-29,27897,28088,26800,27087,898118,-0.0830089034835303
2023-01-02,25991,27325,25991,26611,612491,-0.05052271024369359
2023-01-03,26561,27659,26228,27278,581094,-0.015447917418609736
2023-01-04,26992,27802,26944,26992,496482,-0.06446693470123388
2023-01-05,27040,27230,26419,26611,502717,-0.05423463766570713
2023-01-06,26467,30139,26324,29663,1846084,0.09510097094547199
2023-01-09,29996,30282,29471,30187,615019,0.13438051933410988
2023-01-10,29853,31427,29185,29329,767119,0.07518879683261237
2023-01-11,29615,30187,29519,29949,403092,0.10955097806757563
2023-01-12,30139,30521,29567,30235,443486,0.13618428469429933
2023-01-13,30234,30520,29853,30473,382947,0.027306745777567976
2023-01-16,30711,30854,30186,30616,346213,0.014211415509987724
2023-01-17,30664,30997,29662,29901,489231,0.019502881107436254
2023-01-18,29900,29996,29281,29329,352860,-0.020701859828374913
2023-01-19,29185,30044,28804,29758,342275,-0.015776418058541464
2023-01-20,29567,29948,29471,29615,219176,-0.028156072588849113
2023-01-25,29996,30377,29566,29710,290741,-0.029592370002613055
2023-01-26,29519,29949,29185,29949,404140,0.0016052974816895826
2023-01-27,29757,30377,29566,29853,347341,0.017866275699819356
2023-01-30,29613,30187,29376,29424,395143,-0.011223872572081461
2023-01-31,29233,29662,28756,28995,546100,-0.020935336822556105
2023-02-01,29566,31522,29471,30330,1479469,0.020868394479973018
2023-02-02,30759,31045,30139,30616,588738,0.02227119436375169
2023-02-03,30616,30711,30187,30521,424284,0.022376310588550608
2023-02-06,30473,30473,29377,29377,855982,-0.0015973355084284435
2023-02-07,29424,29758,29281,29520,362684,0.01810657009829275
2023-02-08,29567,29662,29233,29377,342657,-0.03142103527860207
2023-02-09,29376,29376,28661,29186,508371,-0.04670760386725892
2023-02-10,28709,28852,28232,28280,722446,-0.07342485501785656
2023-02-13,28184,28422,27802,28184,390051,-0.04061000102120704
2023-02-14,28232,28709,27945,28709,373086,-0.027472899728997247
2023-02-15,28470,28564,27468,27564,778440,-0.061714947067433745
2023-02-16,27755,28565,27707,28232,581220,-0.0326869046803262
2023-02-17,27755,27850,27468,27612,592568,-0.023620933521923626
2023-02-20,29471,35862,29471,35862,11894058,0.2724240703945502
2023-02-21,36339,37770,34145,35624,5454642,0.24086523389877734
2023-02-22,34908,35528,32571,32858,2608316,0.1920621099985489
2023-02-23,33287,34002,32715,33669,1236281,0.19258288466987805
2023-02-24,33144,33192,31856,32000,1344443,0.1589164131537013
2023-02-27,31618,31808,30711,30855,1011262,-0.13961853772795718
2023-02-28,31188,31426,30377,30807,1081551,-0.13521783067594884
2023-03-02,30616,30998,29901,30283,993233,-0.07836752084728227
2023-03-03,30520,31522,30234,30616,893108,-0.09067688378033201
2023-03-06,30615,30711,29758,30092,802223,-0.05962500000000004
2023-03-07,30425,34479,29996,32667,3109289,0.058726300437530465
2023-03-08,31523,31666,30521,30760,1532100,-0.0015256272924984993
2023-03-09,30568,33382,30568,33287,2825880,0.09919756959350123
2023-03-10,32571,33955,31666,33383,1788818,0.09037758035014365
2023-03-13,32905,34813,32810,33955,1755731,0.1283729894988701
2023-03-14,33621,34336,31952,31952,1207014,-0.021887531759880008
2023-03-15,32858,33716,32476,32858,849022,0.0682054616384915
2023-03-16,32523,32523,31283,32333,734869,-0.028659837173671376
2023-03-17,32522,34288,32522,34193,1463180,0.024263846868166405
2023-03-20,34240,35671,34050,35147,1246817,0.03510528640848176
2023-03-21,35767,37436,35576,36244,1975644,0.13432648973460193
2023-03-22,37102,37102,35099,35576,1210431,0.08271958122831569
2023-03-23,35146,35623,33763,34527,1515919,0.06785636965329545
2023-03-24,34288,34860,33143,33287,1117820,-0.02649665136138979
2023-03-27,32953,33191,31761,32381,1132909,-0.07869803966199107
2023-03-28,32810,32905,32047,32429,660951,-0.1052588014567929
2023-03-29,32429,32429,31236,31380,1044977,-0.11794468180796047
2023-03-30,31761,32619,31284,31809,974617,-0.07872100095577372
2023-03-31,31808,33954,31379,33144,1329364,-0.00429597140024629
2023-04-03,33143,33716,31999,32047,1109231,-0.010314690713690178
2023-04-04,32142,33287,31618,33192,1147660,0.02352832341422806
2023-04-05,33191,35051,33048,34241,1894163,0.09117272147864885
2023-04-06,35003,36720,34288,34479,3711881,0.08393850796944258
2023-04-07,34383,34622,32857,33764,1214112,0.01870625150856875
2023-04-10,33382,34527,32810,34241,1321556,0.06846194651605453
2023-04-11,34050,35242,33668,34527,1105695,0.04022053506869128
2023-04-12,34765,35957,34574,35719,1394992,0.043164627201308425
2023-04-13,36196,36482,34384,35815,1443746,0.038748223556367645
2023-04-14,36053,36816,34670,35290,1880835,0.04519606681672794
2023-04-17,35671,35814,34240,34479,1023189,0.006950731579101088
2023-04-18,34098,34670,33287,33669,1025997,-0.024850117299504704
2023-04-19,33382,33859,32953,33287,723964,-0.06808701251434812
2023-04-20,33334,34717,32809,33239,1246222,-0.07192517101773
2023-04-21,33573,33716,32905,33287,628225,-0.05675828846698783
2023-04-24,33287,33430,32333,32381,663592,-0.060848632500942634
2023-04-25,32571,33430,31999,32524,793719,-0.03400754403160178
2023-04-26,31999,32619,31856,32429,519128,-0.025775828401478074
2023-04-27,32286,33859,31952,33383,716647,0.0043322602966395785
2023-04-28,33382,34192,33191,33716,1028699,0.012887914200738981
2023-05-02,34098,34670,33573,33812,856153,0.0441925820697322
2023-05-03,33526,33859,32524,32763,833855,0.007348419628582015
2023-05-04,32906,34622,32763,33383,1402800,0.02941811341700329
2023-05-08,33906,34526,33668,34050,651766,0.019980229458107512
2023-05-09,34240,34908,33954,34050,1063136,0.009906275952070276
2023-05-10,33954,34669,33334,34622,694879,0.023955991955518785
2023-05-11,34908,35147,33954,34098,768050,0.040747184323779884
2023-05-12,34861,35338,33335,33383,1308459,0.0
2023-05-15,33096,33907,32667,33383,632214,-0.019588839941262814
2023-05-16,33382,33572,32809,33096,541703,-0.028017621145374427
2023-05-17,33239,40011,33239,37770,8580236,0.09092484547397617
2023-05-18,38246,38246,34049,34193,4965886,0.0027860871605371873
2023-05-19,34002,34813,33668,34670,1611034,0.03855255669053115
2023-05-22,34288,34956,34145,34718,1065222,0.03999041428271877
2023-05-23,34718,36482,34527,35815,1970599,0.08215494319555239
2023-05-24,35719,36148,34861,34861,1058681,-0.07701879798782107
2023-05-25,34860,35146,34050,34050,811644,-0.004182142543795564
2023-05-26,34145,35814,33859,35004,1433027,0.00963368906835882
2023-05-30,35576,35958,35099,35529,869641,0.023359640532288672
2023-05-31,35433,36196,35194,35290,897986,-0.014658662571548242
2023-06-01,35337,36148,34813,36101,836027,0.035569834485528196
2023-06-02,36196,36339,35290,36292,963315,0.06584434654919247
2023-06-05,36387,37627,36149,36769,1193432,0.05042280882184902
2023-06-07,36720,37054,35242,35242,1279090,-0.008077908187677618
2023-06-08,35098,35718,34669,35242,952957,-0.001360158685179913
2023-06-09,35289,35528,34526,34670,824849,-0.039638791169219645
2023-06-12,34336,34574,33573,33573,967172,-0.0749200925823873
2023-06-13,33715,34431,33000,33096,945209,-0.09989393238869704
2023-06-14,33144,33478,32190,32286,1142642,-0.08387719198683385
2023-06-15,32143,32524,31523,32000,946985,-0.09199250893819877
2023-06-16,31999,32619,31761,32286,799887,-0.06876261897894431
2023-06-19,32237,32237,31093,31284,922522,-0.06817978732910379
2023-06-20,30902,31665,30425,30616,849090,-0.0749335267101765
2023-06-21,30377,30997,29948,30187,993790,-0.06501269900266371
2023-06-22,29757,30425,29566,29853,759809,-0.06709374999999995
2023-06-23,29996,30044,29186,29663,839355,-0.08124264387040825
2023-06-26,29519,31378,29185,30378,984244,-0.02896049098580744
2023-06-27,30377,30568,29519,30044,719880,-0.01868304154690359
2023-06-28,30330,30425,29472,30283,645503,0.003180176897339848
2023-06-29,30282,30377,29662,30044,552247,0.006398016949720198
2023-06-30,29948,31951,29662,30998,1343683,0.045005562485251005
2023-07-03,31045,31760,30711,30950,794710,0.018829416024754853
2023-07-04,30616,30902,30282,30664,474930,0.02063639994674471
2023-07-05,30473,31093,30282,30712,573602,0.014166363966581885
2023-07-06,30520,30663,29376,29424,968745,-0.02063639994674482
2023-07-07,29424,29948,28804,29329,751889,-0.053842183366668794
2023-07-10,28804,29519,28470,28709,774491,-0.07240710823909535
2023-07-11,28803,29996,28708,29710,568420,-0.031111400991390536
2023-07-12,29423,29901,29042,29758,544665,-0.03106277676478253
2023-07-13,29853,30902,29853,30092,808927,0.022702555736813457
2023-07-14,30092,30425,29615,29806,531528,0.016263766238194366
2023-07-17,34431,35003,30377,30616,3123309,0.06642516284092093
2023-07-18,30616,31140,28994,29138,1757922,-0.0192527768428139
2023-07-19,29137,30759,28374,29567,2180482,-0.006418442099603516
2023-07-20,30091,33668,29805,32476,5637304,0.07922371394390537
2023-07-21,32238,32858,31236,31952,1740200,0.07199892639065952
2023-07-24,31856,31856,30663,30807,1356334,0.0062385680689835965
2023-07-25,30425,31427,29853,30378,1278508,0.04255611229322542
2023-07-26,30234,30520,29137,29233,2108945,-0.011296377718402306
2023-07-27,29042,30950,29042,30855,1480859,-0.0499137824855278
2023-07-28,30997,31283,29709,30473,876801,-0.04628818227341014
2023-07-31,30378,31761,30282,31332,904240,0.017041581458759447
2023-08-01,31380,32429,31380,32000,1306711,0.0533939034827835
2023-08-02,32200,32200,30500,30850,1255203,0.05531419970581197
2023-08-03,30850,32000,30500,31800,795696,0.030627126883811417
2023-08-04,31600,31900,30850,30900,635412,0.014012404423588087
2023-08-07,31200,31750,30600,30650,757855,-0.021766883697178607
2023-08-08,31200,31200,30100,30100,756705,-0.059374999999999956
2023-08-09,30100,31100,29950,30900,686404,0.0016207455429497752
2023-08-10,30800,31300,30300,31200,731276,-0.018867924528301883
2023-08-11,31200,31650,30900,31000,556809,0.003236245954692629
2023-08-14,31000,31300,30350,30600,674231,-0.0016313213703099683
2023-08-16,30500,31250,30100,30700,783017,0.019933554817275656
2023-08-17,30500,30800,30150,30250,707075,-0.021035598705501646
2023-08-18,30350,30700,29800,29900,859384,-0.04166666666666663
2023-08-21,30000,31000,29900,30400,887739,-0.01935483870967747
2023-08-22,30250,30350,29000,29150,1461184,-0.04738562091503273
2023-08-23,29150,29300,28050,28050,1025330,-0.08631921824104238
2023-08-24,28300,29600,27850,28800,939330,-0.04793388429752066
2023-08-25,28450,29600,28350,28850,578240,-0.03511705685618727
2023-08-28,28850,29400,28850,29000,471407,-0.046052631578947345
2023-08-29,29300,29800,29150,29650,571697,0.0171526586620927
2023-08-30,29950,29950,29250,29700,490991,0.05882352941176472
2023-08-31,29650,29800,28850,28850,943997,0.0017361111111111605
2023-09-01,28750,29000,28300,28400,663345,-0.01559792027729634
2023-09-04,28500,28800,28250,28800,390440,-0.006896551724137945
2023-09-05,28700,28950,28300,28300,514647,-0.04553119730185495
2023-09-06,28300,28950,28000,28700,635991,-0.03367003367003363
2023-09-07,28700,28850,27900,28150,692007,-0.024263431542461023
2023-09-08,28300,29550,28000,28500,784630,0.0035211267605634866
2023-09-11,28850,29650,28450,29600,1082426,0.02777777777777768
2023-09-12,29700,32050,29350,31850,2612898,0.1254416961130742
2023-09-13,31300,31350,30200,30800,1455350,0.07317073170731714
2023-09-14,31100,32650,30500,31950,2507869,0.13499111900532856
2023-09-15,31900,32350,31400,31950,1091160,0.1210526315789473
2023-09-18,31800,32750,31700,32100,966274,0.08445945945945943
2023-09-19,32150,32700,31400,31750,964028,-0.0031397174254317317
2023-09-20,31500,31750,30300,30950,1047094,0.004870129870129913
2023-09-21,31100,31350,29800,30000,1005269,-0.06103286384976525
2023-09-22,29500,30200,29450,30150,459853,-0.05633802816901412
2023-09-25,30150,30150,29350,29400,518458,-0.08411214953271029
2023-09-26,29450,29850,28950,29000,719425,-0.08661417322834641
2023-09-27,28700,30200,28700,30000,492232,-0.030694668820678506
2023-10-04,29650,30400,29600,30150,661043,0.004999999999999893
2023-10-05,30450,31250,30150,30250,677997,0.0033167495854062867
2023-10-06,30250,30850,30250,30600,315390,0.04081632653061229
2023-10-10,30700,31000,29700,30050,618906,0.036206896551724155
2023-10-11,30200,30650,30000,30350,414680,0.011666666666666714
2023-10-12,30450,30800,30250,30500,417993,0.011608623548922115
2023-10-13,30450,30750,30050,30700,440677,0.014876033057851235
2023-10-16,30750,31100,30600,31050,648838,0.014705882352941124
2023-10-17,31300,31500,30400,30750,1114452,0.02329450915141429
2023-10-18,30550,31200,29550,29550,894153,-0.02635914332784184
2023-10-19,29100,29400,27550,28350,1271981,-0.07049180327868854
2023-10-20,27900,29300,27900,28550,932311,-0.07003257328990231
2023-10-23,28550,29350,28350,28600,601119,-0.07890499194847023
2023-10-24,29050,29750,28100,29600,726745,-0.0373983739837398
2023-10-25,29350,29750,28650,28950,503427,-0.02030456852791873
2023-10-26,28300,29200,28300,28900,541464,0.01940035273368612
2023-10-27,28850,29950,28850,29250,657527,0.024518388791593626
2023-10-30,29500,29550,29100,29100,377379,0.0174825174825175
2023-10-31,29150,29400,28700,28950,400580,-0.02195945945945943
2023-11-01,28950,29400,28850,29100,348558,0.005181347150259086
2023-11-02,29450,29850,29100,29650,483860,0.02595155709342567
2023-11-03,29700,29800,28600,29200,572170,-0.0017094017094017033
2023-11-06,31300,33600,30300,33400,3697943,0.1477663230240549
2023-11-07,33400,33900,31800,32800,2115752,0.13298791018998268
2023-11-08,32700,33000,32000,32000,791756,0.09965635738831624
2023-11-09,32200,32350,30500,30650,996659,0.033726812816188945
2023-11-10,30100,30550,30000,30400,465399,0.041095890410958846
2023-11-13,30750,30800,29600,29650,521368,-0.11227544910179643
2023-11-14,29950,30750,29950,30200,425813,-0.07926829268292679
2023-11-15,30750,30800,30400,30500,406345,-0.046875
2023-11-16,30650,31300,30400,31200,560230,0.01794453507340954
2023-11-17,31150,31650,30650,30800,468272,0.013157894736842035
2023-11-20,30700,31200,30500,31100,352358,0.04890387858347389
2023-11-21,31100,31400,30750,31250,438199,0.0347682119205297
2023-11-22,31050,31400,30700,31100,420386,0.01967213114754096
2023-11-23,31000,32300,30900,31900,742904,0.022435897435897356
2023-11-24,31850,32100,31400,31950,464015,0.03733766233766245
2023-11-27,31850,33100,31600,32250,812640,0.036977491961414755
2023-11-28,32350,32850,32050,32550,522061,0.04160000000000008
2023-11-29,32500,32750,31850,31950,547411,0.027331189710610992
2023-11-30,31850,32250,31350,31900,588379,0.0
2023-12-01,31750,32100,31600,31700,410403,-0.007824726134585291
2023-12-04,32000,33250,31850,32800,1035631,0.01705426356589146
2023-12-05,32600,33100,32350,32900,532240,0.010752688172043001
2023-12-06,33200,33500,32800,32800,710277,0.026604068857589924
2023-12-07,32200,32550,31650,31750,655975,-0.00470219435736674
2023-12-08,31850,33450,31650,33350,912528,0.05205047318611977
2023-12-11,33400,34600,33300,34050,945729,0.038109756097560954
2023-12-12,34150,35600,33650,34850,1372301,0.059270516717325306
2023-12-13,34800,35050,34350,34700,694622,0.05792682926829262
2023-12-14,35400,40950,35100,40450,9519472,0.274015748031496
2023-12-15,40400,43650,40050,43550,6501347,0.3058470764617691
2023-12-18,43450,45300,41950,44000,3627689,0.29221732745961826
2023-12-19,44400,49950,44400,49200,7291059,0.41176470588235303
2023-12-20,50400,52500,47200,50300,5220366,0.4495677233429394
2023-12-21,49850,52000,48850,50600,3762047,0.25092707045735474
2023-12-22,50000,50900,49400,49950,1904413,0.14695752009184848
2023-12-26,49950,51000,47300,49500,3148560,0.125
2023-12-27,50500,53100,50000,50900,2928951,0.03455284552845539
2023-12-28,51000,51300,49800,50700,1191383,0.007952286282306265
2024-01-02,50900,54400,50400,53200,2937109,0.05138339920948609
2024-01-03,52400,52900,51100,52500,1426569,0.05105105105105112
2024-01-04,50800,51700,45350,46000,4990392,-0.07070707070707072
2024-01-05,46850,48450,46100,47650,1933446,-0.06385068762278978
2024-01-08,48800,50500,47750,48000,1552062,-0.053254437869822535
2024-01-09,48300,49900,48100,48900,953896,-0.08082706766917291
2024-01-10,49300,49550,47450,47750,1046117,-0.09047619047619049
2024-01-11,47400,48250,45400,47300,1578336,0.02826086956521734
2024-01-12,46150,47100,45450,46100,1281074,-0.03252885624344182
2024-01-15,46100,46150,43600,44100,2066535,-0.08125000000000004
2024-01-16,44000,44650,42300,43600,1785246,-0.10838445807770958
2024-01-17,43800,43950,42000,43050,1324540,-0.09842931937172772
2024-01-18,43450,47450,43450,46200,2372058,-0.023255813953488413
2024-01-19,47000,48250,45500,45900,1477384,-0.004338394793926281
2024-01-22,46800,48750,46300,47750,1509297,0.08276643990929711
2024-01-23,48700,59200,46800,51100,8110962,0.17201834862385312
2024-01-24,50000,50600,48000,49500,2326790,0.14982578397212554
2024-01-25,49650,55000,49600,54700,5192630,0.18398268398268391
2024-01-26,55400,65200,54500,65200,16553653,0.420479302832244
2024-01-29,66500,72600,59900,63100,15930905,0.32146596858638743
2024-01-30,66300,70900,64000,69800,7722178,0.36594911937377694
2024-01-31,71100,73000,66200,67800,4180674,0.36969696969696964
2024-02-01,66000,67500,63000,64900,3494768,0.1864716636197441
2024-02-02,64100,70600,64000,70200,4365396,0.07668711656441718
2024-02-05,70800,71300,68800,70900,2482441,0.12361331220285265
2024-02-06,70000,74100,67000,74000,3243466,0.06017191977077374
2024-02-07,73600,78400,73500,75700,3913970,0.11651917404129786
2024-02-08,74200,76300,72100,72800,2420784,0.1217257318952234
2024-02-13,73400,75000,70300,74500,2186563,0.061253561253561184
2024-02-14,72600,73900,69100,70300,2109804,-0.008462623413258097
2024-02-15,69100,71400,67500,67600,2479838,-0.08648648648648649
2024-02-16,67600,68800,66100,68600,1716862,-0.09379128137384407
2024-02-19,69600,79400,69300,78800,6368221,0.08241758241758235
2024-02-20,79300,83000,77500,79400,4306817,0.06577181208053684
2024-02-21,83300,84900,79400,80700,4932296,0.14793741109530578
2024-02-22,78700,81900,77700,78000,2084244,0.15384615384615374
2024-02-23,78200,83500,77500,78700,2999667,0.14723032069970854
2024-02-26,79500,82300,77800,77800,2025947,-0.012690355329949221
2024-02-27,78200,79300,74500,75700,2121396,-0.046599496221662484
2024-02-28,74700,77400,73300,77300,1873411,-0.042131350681536506
2024-02-29,76200,81500,75100,81500,3162806,0.044871794871794934
2024-03-04,81100,84400,80400,82100,2165504,0.043202033036848775
2024-03-05,80000,83100,79500,79700,1934096,0.024421593830334265
2024-03-06,78600,80600,76900,80100,1559532,0.05812417437252315
2024-03-07,80000,81600,78100,79900,1206965,0.03363518758085382
2024-03-08,80000,98900,79300,98000,12926607,0.2024539877300613
2024-03-11,98700,101800,95200,100600,5359801,0.22533495736906217
2024-03-12,99300,102700,98100,100100,2378409,0.25595984943538275
2024-03-13,100700,104300,84300,97000,8890040,0.21098626716604252
2024-03-14,97600,106500,97600,102500,5223371,0.28285356695869845
2024-03-15,104200,106300,100600,102400,2557028,0.044897959183673564
2024-03-18,102500,104300,98100,101000,2087234,0.003976143141153132
2024-03-19,100100,103300,98800,102800,1342160,0.02697302697302706
2024-03-20,102900,105000,100800,103800,1452348,0.07010309278350513
2024-03-21,104700,114600,104500,112700,4449839,0.09951219512195131
2024-03-22,109100,112500,106100,111800,2902412,0.091796875
2024-03-25,114900,120000,113800,118800,2808071,0.17623762376237617
2024-03-26,122000,129000,110000,120800,7297428,0.17509727626459148
2024-03-27,120800,122300,109600,109600,3524860,0.05587668593448947
2024-03-28,109000,112200,106600,109700,2581757,-0.02661934338952976
2024-03-29,111000,114100,103400,105200,2845699,-0.05903398926654746
2024-04-01,105100,108400,103000,104400,1535637,-0.12121212121212122
2024-04-02,106400,106900,98700,100600,2800813,-0.16721854304635764
2024-04-03,99200,100400,89300,97000,4356962,-0.11496350364963503
2024-04-04,97500,99600,89500,91400,3326465,-0.1668185961713765
2024-04-05,89100,90600,85100,86100,3394694,-0.1815589353612167
2024-04-08,88000,94400,86100,92900,4048980,-0.11015325670498088
2024-04-09,95700,97300,88800,92000,2560866,-0.08548707753479123
2024-04-11,91200,95600,90100,90500,1553074,-0.0670103092783505
2024-04-12,90700,93800,89200,93000,1328147,0.017505470459518557
2024-04-15,92000,99900,90300,98500,2489447,0.14401858304297321
2024-04-16,97700,99200,92700,95100,1702377,0.023681377825618855
2024-04-17,97900,98300,91200,93200,1771610,0.01304347826086949
2024-04-18,92900,98500,91600,97300,1486658,0.07513812154696131
2024-04-19,97300,100000,93000,100000,2060066,0.07526881720430101
2024-04-22,103200,109300,101800,106300,3046455,0.07918781725888335
2024-04-23,106400,109000,104300,106700,1400682,0.12197686645636163
2024-04-24,107600,109500,105400,108500,1229934,0.1641630901287554
2024-04-25,107300,112600,107000,109600,1700986,0.12641315519013352
2024-04-26,109600,111700,100100,110100,2387462,0.10099999999999998
2024-04-29,110100,110500,106300,109400,1177733,0.029162746942615225
2024-04-30,107100,114300,107000,111200,2081958,0.04217432052483594
2024-05-02,111200,112400,106200,106500,1420543,-0.018433179723502335
2024-05-03,105100,106900,102400,102400,1540761,-0.06569343065693434
2024-05-07,103900,107900,103400,104100,1284318,-0.05449591280653954
2024-05-08,104100,107000,100600,106900,1492323,-0.022851919561243106
2024-05-09,106700,111000,103500,105600,1864854,-0.05035971223021585
2024-05-10,105600,106200,101000,101000,1638737,-0.05164319248826288
2024-05-13,99600,102000,97100,98000,1820213,-0.04296875
2024-05-14,100000,101100,94500,94600,2145049,-0.09125840537944285
2024-05-16,98000,106900,93700,95800,5372076,-0.10383536014967254
2024-05-17,67100,67100,67100,67100,617840,-0.36458333333333337
2024-05-20,47000,49150,47000,47000,16852798,-0.5346534653465347
2024-05-21,46800,49750,45150,48500,21085467,-0.5051020408163265
2024-05-22,49250,49600,47250,49300,6976093,-0.4788583509513742
2024-05-23,49500,57400,48700,48700,14556424,-0.4916492693110647
2024-05-24,47350,51300,47300,50700,5655935,-0.24441132637853946
2024-05-27,51500,57000,50300,56200,8121396,0.1957446808510639
2024-05-28,56700,67600,55700,64700,17559460,0.33402061855670095
2024-05-29,63000,66900,62600,66100,6560217,0.3407707910750508
2024-05-30,65800,66600,61200,61500,5062564,0.2628336755646816
2024-05-31,62500,64800,58300,61200,5754591,0.20710059171597628
2024-06-03,59700,60800,57000,57300,3740662,0.019572953736654908
2024-06-04,56000,59200,54700,57800,4909559,-0.10664605873261201
2024-06-05,58500,60700,56800,59600,2820122,-0.09833585476550677
2024-06-07,60200,60900,57900,59600,2660882,-0.03089430894308942
2024-06-10,58900,59900,58200,59200,1303429,-0.0326797385620915
2024-06-11,59200,59500,58100,58500,1289052,0.020942408376963373
2024-06-12,58200,60800,58100,60600,1618488,0.04844290657439454
2024-06-13,62500,67000,61500,63600,5693263,0.06711409395973145
2024-06-14,64200,65200,61500,62300,2459429,0.04530201342281881
2024-06-17,61500,63600,61000,63200,1209337,0.06756756756756754
2024-06-18,63000,64400,62300,62800,1117297,0.07350427350427347
2024-06-19,62800,63500,61500,63400,1235060,0.0462046204620461
2024-06-20,63300,64700,62700,63500,1081048,-0.0015723270440252124
2024-06-21,63500,64300,62500,64300,1249929,0.0321027287319422
2024-06-24,64200,66800,63900,66000,2298144,0.044303797468354444
2024-06-25,66100,73800,65900,72800,6153731,0.15923566878980888
2024-06-26,72000,72700,60800,65000,6976235,0.025236593059936974
2024-06-27,63200,65600,63100,63900,1696469,0.006299212598425141
2024-06-28,63800,65600,58100,58500,3770235,-0.09020217729393465
2024-07-01,59400,63800,58500,62600,3064043,-0.051515151515151514
